{
  "connected_pair_accuracy": 0.9926082495890038,
  "connected_pair_count": 323604,
  "cumulative_accuracy_leq_distance": {
    "1": 0.9999344197789947,
    "10": 0.9926418302674292,
    "11": 0.9926072901020515,
    "12": 0.992607792721519,
    "13": 0.9926080668487868,
    "14": 0.9926082039047966,
    "15": 0.9926082495890038,
    "2": 0.9998259153948819,
    "3": 0.9990804641286213,
    "4": 0.9981941377766649,
    "5": 0.9967766233942496,
    "6": 0.9950232761503047,
    "7": 0.993735995430666,
    "8": 0.9930278513105403,
    "9": 0.9927504380072681
  },
  "disconnected_pair_accuracy": 0.9819567548740135,
  "max_reliable_path_length_cumulative": 15,
  "max_reliable_path_length_exact": 15,
  "note": "Per-distance and reliable-length metrics exclude diagonal (distance 0).",
  "per_distance_count": {
    "1": 60994,
    "10": 396,
    "11": 112,
    "12": 22,
    "13": 12,
    "14": 6,
    "15": 2,
    "2": 76870,
    "3": 73112,
    "4": 52610,
    "5": 31136,
    "6": 16326,
    "7": 7598,
    "8": 3206,
    "9": 1202
  },
  "per_distance_pairwise_accuracy": {
    "1": 0.9999344197789947,
    "10": 0.9040404040404041,
    "11": 0.8928571428571429,
    "12": 1.0,
    "13": 1.0,
    "14": 1.0,
    "15": 1.0,
    "2": 0.9997398204761285,
    "3": 0.9976748003063792,
    "4": 0.9946398023189508,
    "5": 0.9847764645426516,
    "6": 0.9633713095675609,
    "7": 0.9410371150302711,
    "8": 0.9226450405489707,
    "9": 0.9184692179700499
  },
  "reliable_threshold": 0.99
}