{
  "connected_pair_accuracy": 0.9924846417225992,
  "connected_pair_count": 323604,
  "cumulative_accuracy_leq_distance": {
    "1": 0.9999672098894973,
    "10": 0.9925428968928737,
    "11": 0.9924898473862814,
    "12": 0.9924841772151899,
    "13": 0.9924844559265257,
    "14": 0.9924845952744421,
    "15": 0.9924846417225992,
    "2": 0.9998404224453085,
    "3": 0.9990804641286213,
    "4": 0.9981713748074632,
    "5": 0.9966341162179952,
    "6": 0.9948882487590339,
    "7": 0.9935351455847555,
    "8": 0.9929408548028287,
    "9": 0.9926699561064094
  },
  "disconnected_pair_accuracy": 0.9815213704983548,
  "max_reliable_path_length_cumulative": 15,
  "max_reliable_path_length_exact": 15,
  "note": "Per-distance and reliable-length metrics exclude diagonal (distance 0).",
  "per_distance_count": {
    "1": 60994,
    "10": 396,
    "11": 112,
    "12": 22,
    "13": 12,
    "14": 6,
    "15": 2,
    "2": 76870,
    "3": 73112,
    "4": 52610,
    "5": 31136,
    "6": 16326,
    "7": 7598,
    "8": 3206,
    "9": 1202
  },
  "per_distance_pairwise_accuracy": {
    "1": 0.9999672098894973,
    "10": 0.8888888888888888,
    "11": 0.8392857142857143,
    "12": 0.9090909090909091,
    "13": 1.0,
    "14": 1.0,
    "15": 1.0,
    "2": 0.9997398204761285,
    "3": 0.9976474450158661,
    "4": 0.9945257555597795,
    "5": 0.983620246659815,
    "6": 0.9633713095675609,
    "7": 0.9381416162147934,
    "8": 0.933873986275733,
    "9": 0.9201331114808652
  },
  "reliable_threshold": 0.99
}