{
  "lr": [
    0.0009938441702975688,
    0.0009755282581475768,
    0.0009455032620941839,
    0.0009045084971874737,
    0.0008535533905932737,
    0.0007938926261462366,
    0.0007269952498697733,
    0.0006545084971874737,
    0.0005782172325201155,
    0.0005,
    0.0004217827674798847,
    0.00034549150281252633,
    0.00027300475013022663,
    0.00020610737385376348,
    0.00014644660940672625,
    9.549150281252631e-05,
    5.4496737905816096e-05,
    2.447174185242323e-05,
    6.15582970243117e-06,
    0.0
  ],
  "train_loss": [
    0.241218342089653,
    0.10992151702642441,
    0.0919274366259575,
    0.08338606592416763,
    0.0754140797495842,
    0.06673462830781937,
    0.06357657576799393,
    0.057696486008167264,
    0.05009530620276928,
    0.04588079935908317,
    0.03940784103870392,
    0.033626864087581636,
    0.028996628281474115,
    0.02312370200008154,
    0.01828403012007475,
    0.01447497496008873,
    0.011966858199238777,
    0.010472791046649218,
    0.009553770606219768,
    0.0090554679132998
  ],
  "val_exact_match_acc": [
    0.1925,
    0.3445,
    0.38,
    0.5195,
    0.618,
    0.5565,
    0.482,
    0.5385,
    0.6185,
    0.6285,
    0.6345,
    0.7065,
    0.7015,
    0.7225,
    0.7285,
    0.757,
    0.771,
    0.7635,
    0.7685,
    0.772
  ],
  "val_loss": [
    0.13707558727264404,
    0.10357714283466339,
    0.08765075594186783,
    0.08010346686840057,
    0.09436708211898803,
    0.06918745900690555,
    0.06800767669081688,
    0.06363180661201477,
    0.055232607066631315,
    0.05024773389101028,
    0.05226352147758007,
    0.06340827935934067,
    0.0436066535115242,
    0.041556095272302626,
    0.04039916291087866,
    0.035098694205284116,
    0.03689401616156101,
    0.033912703663110735,
    0.03397556847333908,
    0.034796826660633086
  ],
  "val_pairwise_acc": [
    0.94424375,
    0.957595,
    0.9648275,
    0.96726125,
    0.96252375,
    0.9722125,
    0.97185875,
    0.97374875,
    0.977975,
    0.980185,
    0.9792275,
    0.97640125,
    0.983195,
    0.98378875,
    0.98497625,
    0.9867175,
    0.98624375,
    0.98728125,
    0.98726125,
    0.9871425
  ]
}