{
  "lr": [
    0.0009938441702975688,
    0.0009755282581475768,
    0.0009455032620941839,
    0.0009045084971874737,
    0.0008535533905932737,
    0.0007938926261462366,
    0.0007269952498697733,
    0.0006545084971874737,
    0.0005782172325201155,
    0.0005,
    0.0004217827674798847,
    0.00034549150281252633,
    0.00027300475013022663,
    0.00020610737385376348,
    0.00014644660940672625,
    9.549150281252631e-05,
    5.4496737905816096e-05,
    2.447174185242323e-05,
    6.15582970243117e-06,
    0.0
  ],
  "ood_two_chains_exact": [
    0.0,
    0.0,
    0.0,
    0.0,
    0.0,
    0.0,
    0.0,
    0.0,
    0.0,
    0.0,
    0.0,
    0.0,
    0.0,
    0.0,
    0.0,
    0.0,
    0.0,
    0.0,
    0.0,
    0.0
  ],
  "ood_two_chains_pairwise": [
    0.723775,
    0.68911,
    0.635875,
    0.740525,
    0.749765,
    0.741855,
    0.66493,
    0.757825,
    0.774985,
    0.754965,
    0.717655,
    0.79339,
    0.77158,
    0.775025,
    0.79349,
    0.78644,
    0.78227,
    0.78456,
    0.783715,
    0.773975
  ],
  "ood_two_cliques_exact": [
    0.0,
    0.0,
    0.0,
    0.0,
    0.0,
    0.0,
    0.0,
    0.0,
    0.006,
    0.0,
    0.0,
    0.0,
    0.0,
    0.0,
    0.0,
    0.0,
    0.0,
    0.0,
    0.0,
    0.0
  ],
  "ood_two_cliques_pairwise": [
    0.5,
    0.5,
    0.500005,
    0.5,
    0.501505,
    0.52339,
    0.552685,
    0.817855,
    0.936675,
    0.7486525,
    0.55684,
    0.50091,
    0.5,
    0.5,
    0.5,
    0.5,
    0.5,
    0.5,
    0.5,
    0.5
  ],
  "train_loss": [
    0.24134118227958679,
    0.11535598235130311,
    0.09363666167259216,
    0.08396901133060455,
    0.075763991522789,
    0.06850881235599518,
    0.0636049598455429,
    0.05834475549459457,
    0.052136382997035983,
    0.045522900295257566,
    0.03941740756928921,
    0.03498826441764832,
    0.02778737245053053,
    0.023984029465913773,
    0.018557996572554112,
    0.014851493571698666,
    0.012345357874035835,
    0.010650713822990656,
    0.009674523022770882,
    0.00918004818558693
  ],
  "val_exact_match_acc": [
    0.203,
    0.5215,
    0.5475,
    0.4515,
    0.465,
    0.5475,
    0.662,
    0.5665,
    0.6205,
    0.656,
    0.7005,
    0.5875,
    0.672,
    0.725,
    0.7145,
    0.752,
    0.758,
    0.7505,
    0.7715,
    0.7745
  ],
  "val_loss": [
    0.13768944466114044,
    0.09649374282360076,
    0.09117222940921783,
    0.0785213692188263,
    0.08181725758314133,
    0.06897239288687707,
    0.07009108507633209,
    0.06061461669206619,
    0.053619605243206026,
    0.05236702519655228,
    0.05334578830003738,
    0.05144527146220207,
    0.043547938466072085,
    0.040416997611522676,
    0.03535762695968151,
    0.03327910646796226,
    0.03263808749616146,
    0.03208491006493568,
    0.03218882692605257,
    0.033094198249280456
  ],
  "val_pairwise_acc": [
    0.944105,
    0.96218125,
    0.963285,
    0.96756125,
    0.96644125,
    0.97220875,
    0.97259625,
    0.97546,
    0.977985,
    0.97860375,
    0.97844125,
    0.9793775,
    0.982175,
    0.98462125,
    0.98613375,
    0.98693125,
    0.98793,
    0.98770125,
    0.9878475,
    0.98759625
  ]
}